"filename", "language", "C++", "Markdown", "cmake", "Shell Script", "comment", "blank", "total"
"/home/ares/home/Code/SoftGameEngine/CMakeLists.txt", "cmake", 0, 0, 11, 0, 0, 7, 18
"/home/ares/home/Code/SoftGameEngine/README.md", "Markdown", 0, 1, 0, 0, 0, 1, 2
"/home/ares/home/Code/SoftGameEngine/scripts/build.sh", "Shell Script", 0, 0, 0, 6, 0, 6, 12
"/home/ares/home/Code/SoftGameEngine/src/Application.cpp", "C++", 50, 0, 0, 0, 2, 7, 59
"/home/ares/home/Code/SoftGameEngine/src/Application.hpp", "C++", 18, 0, 0, 0, 0, 5, 23
"/home/ares/home/Code/SoftGameEngine/src/BufferManager.cpp", "C++", 42, 0, 0, 0, 0, 7, 49
"/home/ares/home/Code/SoftGameEngine/src/BufferManager.hpp", "C++", 28, 0, 0, 0, 0, 10, 38
"/home/ares/home/Code/SoftGameEngine/src/CMakeLists.txt", "cmake", 0, 0, 5, 0, 0, 7, 12
"/home/ares/home/Code/SoftGameEngine/src/Environment.cpp", "C++", 22, 0, 0, 0, 0, 5, 27
"/home/ares/home/Code/SoftGameEngine/src/Environment.hpp", "C++", 16, 0, 0, 0, 0, 4, 20
"/home/ares/home/Code/SoftGameEngine/src/ErrorCode.hpp", "C++", 9, 0, 0, 0, 0, 1, 10
"/home/ares/home/Code/SoftGameEngine/src/Log.hpp", "C++", 16, 0, 0, 0, 0, 7, 23
"/home/ares/home/Code/SoftGameEngine/src/ScopeGuard.hpp", "C++", 28, 0, 0, 0, 0, 7, 35
"/home/ares/home/Code/SoftGameEngine/src/Utils.hpp", "C++", 48, 0, 0, 0, 3, 10, 61
"/home/ares/home/Code/SoftGameEngine/src/Window.cpp", "C++", 72, 0, 0, 0, 0, 23, 95
"/home/ares/home/Code/SoftGameEngine/src/Window.hpp", "C++", 46, 0, 0, 0, 0, 14, 60
"/home/ares/home/Code/SoftGameEngine/src/WindowBuffer.cpp", "C++", 0, 0, 0, 0, 0, 1, 1
"/home/ares/home/Code/SoftGameEngine/src/WindowBuffer.hpp", "C++", 84, 0, 0, 0, 2, 16, 102
"/home/ares/home/Code/SoftGameEngine/src/WindowDefine.hpp", "C++", 32, 0, 0, 0, 0, 11, 43
"/home/ares/home/Code/SoftGameEngine/src/include.cmake", "cmake", 0, 0, 6, 0, 0, 5, 11
"/home/ares/home/Code/SoftGameEngine/src/main.cpp", "C++", 20, 0, 0, 0, 0, 4, 24
"/home/ares/home/Code/SoftGameEngine/src/math/CMakeLists.txt", "cmake", 0, 0, 9, 0, 0, 4, 13
"/home/ares/home/Code/SoftGameEngine/src/math/Matrix/DynamicMatrix.hpp", "C++", 5, 0, 0, 0, 0, 0, 5
"/home/ares/home/Code/SoftGameEngine/src/math/Matrix/DynamicMatrix1D.hpp", "C++", 186, 0, 0, 0, 4, 40, 230
"/home/ares/home/Code/SoftGameEngine/src/math/Matrix/DynamicMatrix1DIndex.hpp", "C++", 23, 0, 0, 0, 0, 5, 28
"/home/ares/home/Code/SoftGameEngine/src/math/Matrix/DynamicMatrix2D.hpp", "C++", 208, 0, 0, 0, 0, 44, 252
"/home/ares/home/Code/SoftGameEngine/src/math/Matrix/DynamicMatrix2DIndex.hpp", "C++", 24, 0, 0, 0, 1, 5, 30
"/home/ares/home/Code/SoftGameEngine/src/math/Matrix/DynamicMatrix3D.hpp", "C++", 223, 0, 0, 0, 0, 46, 269
"/home/ares/home/Code/SoftGameEngine/src/math/Matrix/DynamicMatrix3DIndex.hpp", "C++", 24, 0, 0, 0, 0, 5, 29
"/home/ares/home/Code/SoftGameEngine/src/math/Matrix/DynamicMatrix4D.hpp", "C++", 240, 0, 0, 0, 0, 44, 284
"/home/ares/home/Code/SoftGameEngine/src/math/Matrix/DynamicMatrix4DIndex.hpp", "C++", 23, 0, 0, 0, 0, 5, 28
"/home/ares/home/Code/SoftGameEngine/src/math/Matrix/DynamicMatrixBase.hpp", "C++", 92, 0, 0, 0, 0, 24, 116
"/home/ares/home/Code/SoftGameEngine/src/math/Matrix/Matrix.cpp", "C++", 0, 0, 0, 0, 0, 1, 1
"/home/ares/home/Code/SoftGameEngine/src/math/Matrix/Matrix.hpp", "C++", 28, 0, 0, 0, 0, 10, 38
"/home/ares/home/Code/SoftGameEngine/src/math/Matrix/StaticMatrix.hpp", "C++", 5, 0, 0, 0, 0, 0, 5
"/home/ares/home/Code/SoftGameEngine/src/math/Matrix/StaticMatrix1D.hpp", "C++", 58, 0, 0, 0, 0, 15, 73
"/home/ares/home/Code/SoftGameEngine/src/math/Matrix/StaticMatrix2D.hpp", "C++", 68, 0, 0, 0, 0, 13, 81
"/home/ares/home/Code/SoftGameEngine/src/math/Matrix/StaticMatrix3D.hpp", "C++", 72, 0, 0, 0, 0, 14, 86
"/home/ares/home/Code/SoftGameEngine/src/math/Matrix/StaticMatrix4D.hpp", "C++", 75, 0, 0, 0, 0, 15, 90
"/home/ares/home/Code/SoftGameEngine/src/math/Matrix/StaticMatrixBase.hpp", "C++", 43, 0, 0, 0, 1, 9, 53
"/home/ares/home/Code/SoftGameEngine/src/math/Matrix/StaticMatrixIndex1.hpp", "C++", 20, 0, 0, 0, 0, 4, 24
"/home/ares/home/Code/SoftGameEngine/src/math/Matrix/StaticMatrixIndex2.hpp", "C++", 20, 0, 0, 0, 0, 4, 24
"/home/ares/home/Code/SoftGameEngine/src/math/Matrix/StaticMatrixIndex3.hpp", "C++", 20, 0, 0, 0, 0, 4, 24
"/home/ares/home/Code/SoftGameEngine/src/math/Matrix/StaticMatrixIndex4.hpp", "C++", 20, 0, 0, 0, 0, 4, 24
"/home/ares/home/Code/SoftGameEngine/src/math/Primitive/Primitive.hpp", "C++", 8, 0, 0, 0, 0, 4, 12
"/home/ares/home/Code/SoftGameEngine/src/math/Primitive/PrimitiveLine.hpp", "C++", 12, 0, 0, 0, 0, 3, 15
"/home/ares/home/Code/SoftGameEngine/src/math/Primitive/PrimitivePlane.hpp", "C++", 7, 0, 0, 0, 0, 1, 8
"/home/ares/home/Code/SoftGameEngine/src/math/Util/ToString.hpp", "C++", 206, 0, 0, 0, 0, 47, 253
"/home/ares/home/Code/SoftGameEngine/src/math/Vector/Vector.hpp", "C++", 13, 0, 0, 0, 0, 6, 19
"/home/ares/home/Code/SoftGameEngine/src/math/Vector/Vector2DBase.hpp", "C++", 156, 0, 0, 0, 3, 29, 188
"/home/ares/home/Code/SoftGameEngine/src/math/Vector/Vector3DBase.hpp", "C++", 159, 0, 0, 0, 3, 30, 192
"/home/ares/home/Code/SoftGameEngine/src/math/Vector/Vector4DBase.hpp", "C++", 164, 0, 0, 0, 3, 30, 197
"/home/ares/home/Code/SoftGameEngine/src/math/Vector/VectorTraits.hpp", "C++", 8, 0, 0, 0, 0, 0, 8
"/home/ares/home/Code/SoftGameEngine/test/CMakeLists.txt", "cmake", 0, 0, 3, 0, 0, 1, 4
"/home/ares/home/Code/SoftGameEngine/test/math/CMakeLists.txt", "cmake", 0, 0, 9, 0, 0, 5, 14
"/home/ares/home/Code/SoftGameEngine/test/math/MatrixBase.cpp", "C++", 140, 0, 0, 0, 0, 27, 167
"/home/ares/home/Code/SoftGameEngine/test/math/MatrixMathOp.cpp", "C++", 93, 0, 0, 0, 0, 30, 123
"/home/ares/home/Code/SoftGameEngine/test/math/VectorOp.cpp", "C++", 76, 0, 0, 0, 0, 23, 99
"Total", "-", 3050, 1, 43, 6, 22, 709, 3831